{"cameraMode":{"drawMode":0,"name":"Shaded","section":"Shading Mode"},"sceneLighting":false,"audioPlay":false,"sceneViewState":{"showFog":true,"showMaterialUpdate":false,"showSkybox":false,"showFlares":true,"showImageEffects":true,"showParticleSystems":true},"in2DMode":false,"pivot":{"x":4.347012042999268,"y":-1.761890172958374,"z":12.009870529174805},"rotation":{"x":-0.03029480203986168,"y":-0.026387913152575494,"z":0.0007998053915798664,"w":-0.9991923570632935},"size":2.3319873809814455,"orthographic":false}