{"cameraMode":{"drawMode":0,"name":"Shaded","section":"Shading Mode"},"sceneLighting":true,"audioPlay":false,"sceneViewState":{"showFog":true,"showMaterialUpdate":false,"showSkybox":false,"showFlares":true,"showImageEffects":true,"showParticleSystems":true},"in2DMode":false,"pivot":{"x":-0.550786018371582,"y":0.7177478075027466,"z":-0.1331787109375},"rotation":{"x":0.02703816629946232,"y":0.9689161777496338,"z":-0.1230451837182045,"w":0.21290914714336396},"size":4.158390522003174,"orthographic":false}